<?xml version="1.0" encoding="UTF-8"?>
<dspl 
    xmlns="http://schemas.google.com/dspl/2010"
    xmlns:geo="http://www.google.com/publicdata/dataset/google/geo"
    xmlns:geo_usa="http://www.google.com/publicdata/dataset/google/geo/us"
    xmlns:time="http://www.google.com/publicdata/dataset/google/time"
    xmlns:quantity="http://www.google.com/publicdata/dataset/google/quantity"
    xmlns:entity="http://www.google.com/publicdata/dataset/google/entity">

  <import namespace="http://www.google.com/publicdata/dataset/google/time"/>
  <import namespace="http://www.google.com/publicdata/dataset/google/quantity"/>
  <import namespace="http://www.google.com/publicdata/dataset/google/entity"/>
  <import namespace="http://www.google.com/publicdata/dataset/google/geo"/>
  
  <info>
    <name>
      <value>World Bank Projects in Nepal</value>
    </name>
    <description>
      <value>Statistics on projects funded by World Bank in Nepal</value>
    </description>
    <url>
      <value>http://www.worldbank.org.np/</value>
    </url>
  </info>

  <provider>
    <name>
      <value>World Bank</value>
    </name>
    <url>
      <value>http://www.worldbank.org.np</value>
    </url>
  </provider>

  <topics>
    <topic id="aid_indicators">
      <info>
        <name>
          <value>Aid Indicators</value>
        </name>
      </info>
    </topic>
  </topics>

  <concepts>

    <concept id="project">
      <info>
        <name>
          <value>Project</value>
        </name>
      </info>
      <topic ref="aid_indicators"/>
      <type ref="string"/>
      <table ref="projects_table"/>
    </concept>

    <concept id="aid" extends="quantity:amount">
      <info>
        <name>
          <value>Assistance(in million dollars)</value>
        </name>
      </info>
      <topic ref="aid_indicators"/>
      <type ref="float"/>
    </concept>

  </concepts>

  <slices>
    <slice id="project_aid_slice">
      <dimension concept="project"/>
      <dimension concept="time:year"/>
      <metric concept="aid"/>
      <table ref="project_slice_table"/>
    </slice>
  </slices>

  <tables>
    <table id="projects_table">
        <column id="project" type="string"/>
        <data>
          <file format="csv" encoding="utf-8">projects.csv</file>
        </data>
    </table>
    
    <table id="project_slice_table">
       <column id="project" type="string"/>
       <column id="aid" type="float"/>
       <column id="year" type="date" format="yyyy"/>
       <data>
          <file format="csv" encoding="utf-8">projects_slice.csv</file>
       </data>
    </table>
  </tables>
</dspl>
