project,aid,year
Modernization of Rani Jamara Kulariya Irrigation Scheme-Phase 1,43,2011
Kabeli Transmission Project,38,2011
Additional Financing to the Poverty Alleviation Fund II,65,2011
Nepal: Enhanced Vocational Education and Training,50,2011
NP: Road Sector Development Project-AF,75,2010
Nepal: Second HNP and HIV/AIDS Project,129.15,2010
Rural Access Improvement and Decentralization Project - Addl Financing,45,2009
Nepal: School Sector Reform Program,130,2009
NP Power Add Financing,89.2,2009
Project for Agriculture Commercialization and Trade (PACT),20,2009
Social Safety NetsProject,16.7,2008
Irrigation & Water Resources Management Supplemental,14.3,2008
Nepal: Peace Support Project,50,2008
Education for All Additional Financing,60,2007
Road Sector Development Project,42.6,2007
Poverty Alleviation Fund II,100,2007
Second Higher Education Project,60,2007
Avian Influenza Control Project,18.2,2007
Education for All Project,50,2004
Poverty Alleviation Fund Project,15,2004
Community School Support Project,5,2003
Nepal Power Development Project,75.6,2003
Financial Sector Technical Assistance Project,16,2002
CGAP-Nepal Nirdhan II,0,2001
Rural Infrastructure Project,5,1999
Nepal Irrigation Sector Project,79.77,1997
Population and Family Health Project,26.7,1994
Road Maintenance and Rehabilitation,50.5,1994
HIGHER EDUCATION PROJECT,20,1993
Sunsari Morang Headworks Project,28,1992
Telecommunications Project (05),55,1992
Basic and Primary Education Project,30.6,1992
Power Sector Efficiency Project,65,1992
Structural Adjustment Loan Project (02),60,1989
ENGINEERING EDUCATION PROJECT,11.4,1989
Hill Community Forestry Project,30.5,1989
Arun 03 Access Road Project,32.8,1989
Road Flood Rehabilitation Project,15.5,1988
Technical Assistance Credit Project (03),14.4,1988
Irrigation - Sunsari Morang Project (02),40,1987
